,index,health_region_id,health_region_name,state_id,state_name,state_num_id,population,vacinados,imunizados,perc_imunizados,perc_vacinados
0,0,11001,Vale do Jamari,RO,Rondônia,11,548272,2063.0,661.0,0.12056059765955583,0.3762730907286894
1,1,11002,Café,RO,Rondônia,11,344162,3284.0,1403.0,0.40765685926976253,0.9542018003149679
2,2,11003,Central,RO,Rondônia,11,640216,3719.0,743.0,0.11605458157871718,0.5808976970272532
3,3,11004,Madeira-Mamoré,RO,Rondônia,11,1286904,8602.0,2595.0,0.20164674288058784,0.6684259276527231
4,4,11005,Zona da Mata,RO,Rondônia,11,265680,1058.0,321.0,0.12082204155374886,0.39822342667871125
5,5,11006,Cone Sul,RO,Rondônia,11,300344,2161.0,672.0,0.22374344085448686,0.7195082971525983
6,6,11007,Vale do Guaporé,RO,Rondônia,11,100906,415.0,100.0,0.09910213465998058,0.41127385883891937
7,7,12001,Alto Acre,AC,Acre,12,116580,943.0,189.0,0.16212043232115286,0.8088866014753816
8,8,12002,Baixo Acre e Purus,AC,Acre,12,1152054,7068.0,904.0,0.07846854400922179,0.6135129082490925
9,9,12003,Juruá e Tarauacá/Envira,AC,Acre,12,450028,4338.0,1613.0,0.3584221426222368,0.9639400215097728
10,10,13001,"Manaus, Entorno e Alto Rio Negro",AM,Amazonas,13,5152098,81804.0,19126.0,0.37122741065872583,1.5877803566624704
11,11,13002,Rio Negro e Solimões,AM,Amazonas,13,595898,5081.0,708.0,0.11881227995395185,0.8526627040198154
12,12,13003,Rio Madeira,AM,Amazonas,13,377245,3663.0,887.0,0.23512571405850308,0.9709870243475724
13,13,13004,Médio Amazonas,AM,Amazonas,13,345994,4125.0,482.0,0.13930877414059203,1.1922172060787182
14,14,13005,Baixo Amazonas,AM,Amazonas,13,501198,6642.0,1566.0,0.31245136652580413,1.3252247614715142
15,15,13006,Regional Purus,AM,Amazonas,13,265176,3520.0,962.0,0.36277792862099134,1.3274202793616316
16,16,13007,Regional Juruá,AM,Amazonas,13,275636,2659.0,387.0,0.14040255989783626,0.9646780536649784
17,17,13008,Triângulo,AM,Amazonas,13,250242,3309.0,610.0,0.24376403641275246,1.3223199942455703
18,18,13009,Alto Solimões,AM,Amazonas,13,503734,12653.0,2901.0,0.575899184887262,2.5118415671763272
19,19,14001,Centro Norte,RR,Roraima,14,1030732,10432.0,4904.0,0.4757783788608484,1.0120962578051327
20,20,14002,Sul,RR,Roraima,14,180790,981.0,529.0,0.29260467946235963,0.542618507660822
21,21,15001,Araguaia,PA,Pará,15,1133364,3433.0,1165.0,0.1027913362344313,0.3029035684916761
22,22,15002,Baixo Amazonas,PA,Pará,15,1511262,12499.0,3299.0,0.21829437913478933,0.8270571217962206
23,23,15003,Carajás,PA,Pará,15,1750464,6887.0,1854.0,0.10591477459690687,0.3934385397243246
24,24,15004,Lago de Tucuruí,PA,Pará,15,882711,2218.0,863.0,0.09776699282097992,0.2512713674124374
25,25,15006,Metropolitana I,PA,Pará,15,4477360,39737.0,11849.0,0.26464255722121965,0.8875096038737114
26,26,15007,Metropolitana II,PA,Pará,15,735184,2383.0,629.0,0.08555681298831314,0.32413654268863307
27,27,15008,Metropolitana III,PA,Pará,15,1878842,7235.0,2508.0,0.13348647730889557,0.3850776169576792
28,28,15009,Rio Caetés,PA,Pará,15,1082502,4165.0,1429.0,0.132008993978764,0.38475679490661446
29,29,15010,Tapajós,PA,Pará,15,442270,2527.0,683.0,0.15443055147308207,0.5713704298279332
30,30,15011,Tocantins,PA,Pará,15,1410178,4213.0,1502.0,0.10651137657799228,0.2987566108675642
31,31,15012,Xingu,PA,Pará,15,700552,3653.0,1085.0,0.1548778677385833,0.5214459454829906
32,32,15013,Marajó I,PA,Pará,15,488054,2189.0,619.0,0.12683022780266118,0.44851594290795693
33,33,15014,Marajó II,PA,Pará,15,640344,2220.0,506.0,0.07902002673562959,0.3466886548480192
34,34,16001,Área Central,AP,Amapá,16,1132926,6723.0,1144.0,0.100977468960903,0.5934191641819502
35,35,16002,Área Norte,AP,Amapá,16,139862,1990.0,951.0,0.6799559565857773,1.4228310763466847
36,36,16003,Área Sudoeste,AP,Amapá,16,418674,2287.0,734.0,0.1753154005264239,0.5462483937383262
37,37,17001,Médio Norte Araguaia,TO,Tocantins,17,603724,5627.0,1088.0,0.18021480014046154,0.9320484194764495
38,38,17002,Bico do Papagaio,TO,Tocantins,17,419592,3061.0,689.0,0.16420713454975308,0.7295181986310512
39,39,17003,Sudeste,TO,Tocantins,17,197194,1383.0,251.0,0.12728582005537692,0.7013397973569175
40,40,17004,Cerrado Tocantins Araguaia,TO,Tocantins,17,323604,2248.0,486.0,0.15018355768161085,0.6946762091939531
41,41,17005,Ilha do Bananal,TO,Tocantins,17,368514,3084.0,715.0,0.19402247947160758,0.8368745827838291
42,42,17006,Capim Dourado,TO,Tocantins,17,750066,5730.0,3039.0,0.4051643455375927,0.7639327739158954
43,43,17007,Cantão,TO,Tocantins,17,260248,1776.0,342.0,0.1314131136454459,0.6824259936675786
44,44,17008,Amor Perfeito,TO,Tocantins,17,222790,1904.0,375.0,0.16831994254679294,0.8546164549575833
45,45,21001,Açailândia,MA,Maranhão,21,594816,2345.0,1061.0,0.17837448891758123,0.39423956315902736
46,46,21002,Bacabal,MA,Maranhão,21,539538,3596.0,1180.0,0.21870563333815227,0.6664961504101657
47,47,21003,Balsas,MA,Maranhão,21,452700,2385.0,804.0,0.17760106030483763,0.5268389662027833
48,48,21004,Barra do Corda,MA,Maranhão,21,466744,5252.0,1844.0,0.3950773871758394,1.1252421027372606
49,49,21005,Caxias,MA,Maranhão,21,611882,4124.0,1430.0,0.2337051915238559,0.6739861607303369
50,50,21006,Chapadinha,MA,Maranhão,21,756728,3233.0,851.0,0.11245784482667484,0.42723409203835455
51,51,21007,Codó,MA,Maranhão,21,618114,3631.0,1069.0,0.1729454437207376,0.5874320918147785
52,52,21008,Imperatriz,MA,Maranhão,21,1085924,6621.0,2225.0,0.20489463351026407,0.6097111768411049
53,53,21009,Itapecuru Mirim,MA,Maranhão,21,769550,4206.0,921.0,0.1196803326619453,0.5465531804301215
54,54,21010,Pedreiras,MA,Maranhão,21,437852,2924.0,950.0,0.2169682906552899,0.6678055598695449
55,55,21011,Pinheiro,MA,Maranhão,21,794968,3924.0,1331.0,0.16742812289299694,0.49360477402864017
56,56,21012,Presidente Dutra,MA,Maranhão,21,581540,3974.0,1003.0,0.17247308869553254,0.6833579805344431
57,57,21013,Rosário,MA,Maranhão,21,601794,3015.0,920.0,0.15287623339548084,0.501002004008016
58,58,21014,Santa Inês,MA,Maranhão,21,788496,5965.0,1705.0,0.2162344514112944,0.7565035206266107
59,59,21015,São João dos Patos,MA,Maranhão,21,492218,3070.0,916.0,0.18609640443868367,0.6237073816886014
60,60,21016,São Luís,MA,Maranhão,21,2909252,25712.0,8347.0,0.2869122372348631,0.8838010595163293
61,61,21017,Timon,MA,Maranhão,21,500012,2925.0,857.0,0.17139588649872403,0.5849859603369519
62,62,21018,Viana,MA,Maranhão,21,546054,3242.0,960.0,0.17580678833961474,0.593714174788574
63,63,21019,Zé Doca,MA,Maranhão,21,602180,3379.0,1080.0,0.17934836759772826,0.5611279019562257
64,64,22001,Carnaubais,PI,Piauí,22,320561,2028.0,483.0,0.15067335078191046,0.6326409014196986
65,65,22002,Chapada das Mangabeiras,PI,Piauí,22,394692,2079.0,549.0,0.13909580128302576,0.5267398376455565
66,66,22003,Cocais,PI,Piauí,22,687702,3377.0,570.0,0.08288473786611061,0.49105571890150096
67,67,22004,Entre Rios,PI,Piauí,22,2422339,19723.0,7081.0,0.29232076930603024,0.8142130395456624
68,68,22005,Planície Litorânea,PI,Piauí,22,560518,2887.0,582.0,0.10383252634170534,0.5150592844476003
69,69,22006,Serra da Capivara,PI,Piauí,22,296868,1608.0,447.0,0.15057197138121994,0.5416548769149926
70,70,22007,Tabuleiros do Alto Parnaíba,PI,Piauí,22,95886,373.0,99.0,0.10324760653275765,0.38900360845170306
71,71,22008,Vale do Canindé,PI,Piauí,22,217816,1460.0,479.0,0.21991038307562347,0.6702905204392698
72,72,22009,Vale do Rio Guaribas,PI,Piauí,22,753584,4425.0,1352.0,0.17940932928512285,0.5871939956262341
73,73,22010,Vale do Sambito,PI,Piauí,22,213572,1496.0,386.0,0.18073530238046187,0.7004663532672822
74,74,22011,Vale dos Rios Piauí e Itaueiras,PI,Piauí,22,417814,2919.0,767.0,0.18357450923138047,0.698636235262581
75,75,23001,1ª Região Fortaleza,CE,Ceará,23,5644442,82487.0,6449.0,0.11425398648794689,1.4613844911507639
76,76,23002,2ª Região Caucaia,CE,Ceará,23,1180015,7509.0,2446.0,0.2072855006080431,0.6363478430358936
77,77,23003,3ª Região Maracanaú,CE,Ceará,23,934147,5230.0,1597.0,0.17095810402431308,0.5598690570113698
78,78,23004,4ª Região Baturité,CE,Ceará,23,198883,1083.0,436.0,0.21922436809581514,0.5445412629535958
79,79,23005,5ª Região Canindé,CE,Ceará,23,393509,2264.0,694.0,0.17636191294227072,0.5753362693102317
80,80,23006,6ª Região Itapipoca,CE,Ceará,23,600984,2902.0,379.0,0.06306324294823157,0.48287475207326647
81,81,23007,7ª Região Aracati,CE,Ceará,23,221096,1389.0,306.0,0.13840141838839237,0.628233889351232
82,82,23008,8ª Região Quixadá,CE,Ceará,23,653278,3635.0,859.0,0.13149072829637612,0.55642467678385
83,83,23009,9ª Região Russas,CE,Ceará,23,324480,1519.0,316.0,0.09738658777120317,0.4681336291913215
84,84,23010,10ª Região Limoeiro do Norte,CE,Ceará,23,438655,3382.0,791.0,0.18032394478576558,0.7709931495138549
85,85,23011,11ª Região Sobral,CE,Ceará,23,1065684,7790.0,1563.0,0.14666636639003683,0.7309859207795182
86,86,23012,12ª Região Acaraú,CE,Ceará,23,443376,2588.0,609.0,0.13735520190538053,0.5837032225470029
87,87,23013,13ª Região Tianguá,CE,Ceará,23,530938,2276.0,641.0,0.12072972738813195,0.4286752878867212
88,88,23014,14ª Região Tauá,CE,Ceará,23,199717,1508.0,281.0,0.1406990892112339,0.755068421816871
89,89,23015,15ª Região Crateús,CE,Ceará,23,561406,4922.0,2243.0,0.39953260207407826,0.8767273595223422
90,90,23016,16ª Região Camocim,CE,Ceará,23,251795,1014.0,187.0,0.0742667646299569,0.4027085525923867
91,91,23017,17ª Região Icó,CE,Ceará,23,331967,1906.0,274.0,0.08253832459250468,0.5741534550120946
92,92,23018,18ª Região Iguatú,CE,Ceará,23,646752,4239.0,1034.0,0.15987581020236505,0.6554289743209143
93,93,23019,19ª Região Brejo Santo,CE,Ceará,23,376339,2281.0,508.0,0.13498468136440817,0.6061024767563287
94,94,23020,20ª Região Crato,CE,Ceará,23,653746,3526.0,694.0,0.10615743729215933,0.539353204455553
95,95,23021,21ª Região Juazeiro do Norte,CE,Ceará,23,793103,2746.0,441.0,0.055604379254649144,0.34623497830672684
96,96,23022,22ª Região Cascavel,CE,Ceará,23,478003,1474.0,286.0,0.05983226046698452,0.30836626548368945
97,97,24001,1ª Região de Saúde - São José de Mipibu,RN,Rio Grande do Norte,24,764784,5004.0,1793.0,0.23444528128203518,0.6543023912634155
98,98,24002,2ª Região de Saúde - Mossoró,RN,Rio Grande do Norte,24,978992,7821.0,2623.0,0.2679286449736055,0.798882932649092
99,99,24003,3ª Região de Saúde - João Câmara,RN,Rio Grande do Norte,24,673452,4214.0,1414.0,0.20996299662039758,0.6257313067597987
100,100,24004,4ª Região de Saúde - Caicó,RN,Rio Grande do Norte,24,622074,4884.0,1720.0,0.2764944363532313,0.7851155971797568
101,101,24005,5ª Região de Saúde - Santa Cruz,RN,Rio Grande do Norte,24,392402,3037.0,1102.0,0.2808344503850643,0.7739512031029403
102,102,24006,6ª Região de Saúde - Pau dos Ferros,RN,Rio Grande do Norte,24,501518,5472.0,2217.0,0.4420579121786257,1.0910874584760666
103,103,24007,7ª Região de Saúde - Metropolitana,RN,Rio Grande do Norte,24,2714732,20626.0,6646.0,0.24481237926985058,0.7597803392747424
104,104,24008,8ª Região de Saúde - Açu,RN,Rio Grande do Norte,24,315770,1944.0,637.0,0.20172910662824206,0.6156379643411344
105,105,25001,1ª Região Mata Atlântica,PB,Paraíba,25,2625042,23345.0,8277.0,0.31530924076643346,0.8893191042276656
106,106,25002,2ª Região,PB,Paraíba,25,613812,4500.0,1148.0,0.187027949926036,0.733123497096831
107,107,25003,3ª Região,PB,Paraíba,25,394320,3163.0,765.0,0.19400486914181375,0.8021403935889633
108,108,25004,4ª Região,PB,Paraíba,25,226300,2133.0,594.0,0.2624834290764472,0.9425541316836058
109,109,25005,5ª Região,PB,Paraíba,25,226864,2718.0,927.0,0.40861485295154804,1.1980746173919177
110,110,25006,6ª Região,PB,Paraíba,25,475136,4740.0,1614.0,0.3396922144396552,0.9976091056034482
111,111,25007,7ª Região,PB,Paraíba,25,297292,3044.0,970.0,0.32627854096309356,1.0239091532903677
112,112,25008,8ª Região,PB,Paraíba,25,236878,2209.0,671.0,0.2832681802446829,0.9325475561259382
113,113,25009,9ª Região,PB,Paraíba,25,354786,3920.0,1102.0,0.31060977603400364,1.1048913993224085
114,114,25010,10ª Região,PB,Paraíba,25,234798,3149.0,804.0,0.34242199678021107,1.3411528207224934
115,115,25011,11ª Região,PB,Paraíba,25,169898,1236.0,475.0,0.27957951241333034,0.7274953207218449
116,116,25012,12ª Região,PB,Paraíba,25,352044,3044.0,931.0,0.26445557941620934,0.8646646441922032
117,117,25013,13ª Região,PB,Paraíba,25,121218,1558.0,430.0,0.3547327954594202,1.285287663548318
118,118,25014,14ª Região,PB,Paraíba,25,304660,5766.0,3468.0,1.138318125123088,1.8926015886562069
119,119,25015,15ª Região,PB,Paraíba,25,302144,2525.0,766.0,0.25352149968227067,0.8356942385087905
120,120,25016,16ª Região,PB,Paraíba,25,1101062,8916.0,2109.0,0.1915423472974274,0.8097636645347855
121,121,26001,Afogados da Ingazeira,PE,Pernambuco,26,380022,2842.0,777.0,0.20446184694570316,0.7478514401797791
122,122,26002,Arcoverde,PE,Pernambuco,26,850324,7581.0,3752.0,0.44124357303804196,0.8915425179108198
123,123,26003,Caruaru,PE,Pernambuco,26,2754142,19862.0,7655.0,0.27794500065719197,0.7211683348207899
124,124,26004,Garanhuns,PE,Pernambuco,26,1065274,6547.0,2366.0,0.2221024825537843,0.6145836657986583
125,125,26005,Goiana,PE,Pernambuco,26,603693,3195.0,1005.0,0.1664753442561037,0.5292425123365684
126,126,26006,Limoeiro,PE,Pernambuco,26,1201700,5871.0,1869.0,0.1555296663060664,0.48855787634184905
127,127,26007,Ouricuri,PE,Pernambuco,26,711728,3922.0,1149.0,0.16143807746779668,0.5510532113391633
128,128,26008,Palmares,PE,Pernambuco,26,1205141,4779.0,1416.0,0.1174966248762593,0.3965511089573751
129,129,26009,Petrolina,PE,Pernambuco,26,1008864,8004.0,3483.0,0.3452397944618898,0.793367589685032
130,130,26010,Recife,PE,Pernambuco,26,8469092,69161.0,19825.0,0.23408648766597412,0.8166282760891014
131,131,26011,Salgueiro,PE,Pernambuco,26,295302,2786.0,1083.0,0.3667431984883272,0.9434409519745887
132,132,26012,Serra Talhada,PE,Pernambuco,26,479942,5297.0,2886.0,0.6013226598213951,1.103675027399144
133,133,27001,1ª Região de Saúde,AL,Alagoas,27,2552250,19975.0,9721.0,0.3808796160250759,0.782642766186698
134,134,27002,2ª Região de Saúde,AL,Alagoas,27,330860,1124.0,316.0,0.09550867436377924,0.33972072780027807
135,135,27003,3ª Região de Saúde,AL,Alagoas,27,448192,2377.0,869.0,0.193890118520634,0.5303530629730115
136,136,27004,4ª Região de Saúde,AL,Alagoas,27,287652,1349.0,358.0,0.12445593981616676,0.4689694491955557
137,137,27005,5ª Região de Saúde,AL,Alagoas,27,477400,1891.0,703.0,0.147255969836615,0.3961038961038961
138,138,27006,6ª Região de Saúde,AL,Alagoas,27,412606,2237.0,754.0,0.1827409199090658,0.5421637106585944
139,139,27007,7ª Região de Saúde,AL,Alagoas,27,1051270,5966.0,1572.0,0.14953342148068527,0.5675040665100307
140,140,27008,8ª Região de Saúde,AL,Alagoas,27,314022,2442.0,617.0,0.19648304895835325,0.7776525211609377
141,141,27009,9ª Região de Saúde,AL,Alagoas,27,473176,2424.0,489.0,0.10334421018817523,0.5122829560248194
142,142,27010,10ª Região de Saúde,AL,Alagoas,27,321516,2637.0,1462.0,0.4547207603976163,0.8201769118799687
143,143,28001,Aracaju,SE,Sergipe,28,1631804,14142.0,3641.0,0.2231272873457842,0.8666482003966162
144,144,28002,Estância,SE,Sergipe,28,492564,2356.0,880.0,0.17865698670629604,0.4783134780454926
145,145,28003,Itabaiana,SE,Sergipe,28,505610,3474.0,1095.0,0.21657008366131997,0.6870908407665988
146,146,28004,Lagarto,SE,Sergipe,28,416820,1942.0,625.0,0.14994482030612735,0.4659085456551989
147,147,28005,Nossa Senhora da Glória,SE,Sergipe,28,346270,1366.0,537.0,0.15508129494325237,0.39448984896179284
148,148,28006,Nossa Senhora do Socorro,SE,Sergipe,28,674412,2845.0,1288.0,0.19098118064328629,0.4218489587966999
149,149,28007,Propriá,SE,Sergipe,28,318798,1924.0,803.0,0.2518836379149179,0.6035169605831906
150,150,29001,Alagoinhas,BA,Bahia,29,1025365,5576.0,1496.0,0.14589926513973073,0.5438063518844509
151,151,29002,Barreiras,BA,Bahia,29,922094,6548.0,2318.0,0.25138434910106777,0.7101228291258809
152,152,29003,Brumado,BA,Bahia,29,771027,6091.0,1893.0,0.2455166939679155,0.7899853053135623
153,153,29004,Camaçari,BA,Bahia,29,1253074,5312.0,1717.0,0.1370230329573513,0.4239175020788876
154,154,29005,Cruz das Almas,BA,Bahia,29,507485,3243.0,817.0,0.16098997999940884,0.6390336660196853
155,155,29006,Feira de Santana,BA,Bahia,29,2222327,7951.0,2445.0,0.11001981256583751,0.3577781307611346
156,156,29007,Guanambi,BA,Bahia,29,895283,6827.0,2224.0,0.2484130716209288,0.762552176239245
157,157,29008,Ibotirama,BA,Bahia,29,390934,3175.0,1047.0,0.2678201435536433,0.8121575508909432
158,158,29009,Ilhéus,BA,Bahia,29,597362,5249.0,2692.0,0.4506480157760286,0.8786966696910752
159,159,29010,Irecê,BA,Bahia,29,827222,5709.0,1729.0,0.20901281639027977,0.6901412196484136
160,160,29011,Itaberaba,BA,Bahia,29,486682,2774.0,821.0,0.16869331514212565,0.5699820416617011
161,161,29012,Itabuna,BA,Bahia,29,1007175,6507.0,1710.0,0.16978181547397422,0.6460644873035967
162,162,29013,Itapetinga,BA,Bahia,29,494734,3964.0,1097.0,0.22173531635181734,0.801238645413495
163,163,29014,Jacobina,BA,Bahia,29,784646,5820.0,1831.0,0.23335363973052817,0.7417357636437323
164,164,29015,Jequié,BA,Bahia,29,960160,7513.0,1987.0,0.20694467588735213,0.7824737543742709
165,165,29016,Juazeiro,BA,Bahia,29,1066026,8303.0,2282.0,0.2140660734353571,0.778874061233028
166,166,29017,Paulo Afonso,BA,Bahia,29,496197,4327.0,1862.0,0.3752541833183191,0.8720326805684032
167,167,29018,Porto Seguro,BA,Bahia,29,742936,4204.0,1702.0,0.2290910657176392,0.5658630083883404
168,168,29019,Ribeira do Pombal,BA,Bahia,29,615847,4407.0,1414.0,0.22960248243476056,0.7155998161881116
169,169,29020,Salvador,BA,Bahia,29,3780226,93814.0,1661.0,0.043939171890781135,2.4817034748716083
170,170,29021,Santa Maria da Vitória,BA,Bahia,29,603474,4608.0,1400.0,0.23199011059299987,0.7635788782946739
171,171,29022,Santo Antônio de Jesus,BA,Bahia,29,854537,5998.0,1703.0,0.19928920573363118,0.7019005613566177
172,172,29023,Seabra,BA,Bahia,29,369460,2716.0,800.0,0.21653223623666973,0.7351269420234938
173,173,29024,Senhor do Bonfim,BA,Bahia,29,595428,3915.0,1282.0,0.215307308356342,0.6575102279368791
174,174,29025,Serrinha,BA,Bahia,29,1215686,8504.0,2238.0,0.1840935899566171,0.6995227386019087
175,175,29026,Teixeira de Freitas,BA,Bahia,29,853533,3848.0,772.0,0.09044758667796089,0.4508320123533595
176,176,29027,Valença,BA,Bahia,29,624028,3476.0,664.0,0.10640548180530361,0.557026287281981
177,177,29028,Vitória da Conquista,BA,Bahia,29,1248914,7738.0,1604.0,0.12843158135788374,0.6195782896180202
178,178,31001,Alfenas / Machado,MG,Minas Gerais,31,604196,3591.0,1704.0,0.2820276863799165,0.594343557388662
179,179,31002,Guaxupé,MG,Minas Gerais,31,289484,2826.0,1130.0,0.3903497257188653,0.9762197565323127
180,180,31003,Itajubá,MG,Minas Gerais,31,410344,3856.0,1531.0,0.37310159280993505,0.9396993741836118
181,181,31004,Lavras,MG,Minas Gerais,31,369172,2717.0,1501.0,0.4065855481997551,0.7359713087666453
182,182,31006,Poços de Caldas,MG,Minas Gerais,31,476796,3353.0,1605.0,0.336621951526439,0.7032357654007165
183,183,31007,Pouso Alegre,MG,Minas Gerais,31,1097642,8035.0,3616.0,0.32943345826781406,0.7320237381587075
184,184,31008,São Lourenço,MG,Minas Gerais,31,509298,4743.0,2221.0,0.4360904617728717,0.9312818821200948
185,185,31009,São Sebastião do Paraíso,MG,Minas Gerais,31,251964,2284.0,1172.0,0.46514581448143383,0.9064787033068216
186,186,31010,Três Corações,MG,Minas Gerais,31,267012,2126.0,942.0,0.3527931328929037,0.7962188965289949
187,187,31011,Três Pontas,MG,Minas Gerais,31,251014,1355.0,565.0,0.225087046937621,0.5398105284964185
188,188,31012,Varginha,MG,Minas Gerais,31,402618,2636.0,1239.0,0.3077358687391026,0.6547148910381553
189,189,31013,Barbacena,MG,Minas Gerais,31,477274,3592.0,1242.0,0.2602278774875648,0.7526075168561455
190,190,31015,São João Del Rei,MG,Minas Gerais,31,481302,4637.0,2211.0,0.45937893463978957,0.9634283672205809
191,191,31016,Belo Horizonte/ Nova Lima/ Caeté,MG,Minas Gerais,31,6781654,63756.0,21124.0,0.31148743359658276,0.9401246362613015
192,192,31017,Betim,MG,Minas Gerais,31,577806,3651.0,1413.0,0.2445457471885027,0.6318729815889762
193,193,31018,Contagem,MG,Minas Gerais,31,1753622,7467.0,2475.0,0.1411364592825592,0.4258044207930785
194,194,31019,Curvelo,MG,Minas Gerais,31,371422,3077.0,1249.0,0.3362751802531891,0.8284377338983689
195,195,31020,Guanhães,MG,Minas Gerais,31,186246,1492.0,579.0,0.31087915982088205,0.8010910301429293
196,196,31021,Itabira,MG,Minas Gerais,31,474196,1572.0,646.0,0.13623058819559844,0.33150849016018696
197,197,31022,Ouro Preto,MG,Minas Gerais,31,373760,2950.0,1222.0,0.3269477739726027,0.7892765410958904
198,198,31023,João Monlevade,MG,Minas Gerais,31,278882,2269.0,1122.0,0.4023206947741339,0.813605754405089
199,199,31024,Sete Lagoas,MG,Minas Gerais,31,898144,4993.0,1768.0,0.19685039370078738,0.555924217052054
200,200,31025,Vespasiano,MG,Minas Gerais,31,657994,2929.0,1241.0,0.1886035434973571,0.4451408371504907
201,201,31026,Diamantina,MG,Minas Gerais,31,285008,2387.0,935.0,0.3280609667097064,0.8375203503059564
202,202,31027,Turmalina/Minas Novas/Capelinha,MG,Minas Gerais,31,249916,1528.0,601.0,0.24048080154932058,0.6114054322252277
203,203,31028,Bom Despacho,MG,Minas Gerais,31,214978,2004.0,839.0,0.3902724929992836,0.9321884099768349
204,204,31030,Formiga,MG,Minas Gerais,31,245942,1421.0,775.0,0.31511494580022936,0.5777785006220979
205,205,31031,Itaúna,MG,Minas Gerais,31,248254,1144.0,207.0,0.08338234227847285,0.46081835539407223
206,206,31032,Pará de Minas,MG,Minas Gerais,31,504798,2120.0,892.0,0.17670434510437838,0.4199699681852939
207,207,31034,Caratinga,MG,Minas Gerais,31,394177,1808.0,610.0,0.15475281409113165,0.4586771932406
208,208,31035,Coronel Fabriciano/Timóteo,MG,Minas Gerais,31,463256,2723.0,1298.0,0.2801906505258432,0.5877959486763259
209,209,31036,Governador Valadares,MG,Minas Gerais,31,861204,6229.0,2348.0,0.2726415576332669,0.7232897199734326
210,210,31037,Ipatinga,MG,Minas Gerais,31,818382,2424.0,1108.0,0.13538909702315055,0.2961941978196001
211,211,31038,Mantena,MG,Minas Gerais,31,140062,1175.0,419.0,0.2991532321400523,0.8389141951421514
212,212,31040,Resplendor,MG,Minas Gerais,31,178534,1393.0,617.0,0.3455924361746222,0.7802435390457839
213,213,31041,Além  Paraíba,MG,Minas Gerais,31,114622,1109.0,522.0,0.4554099562038701,0.9675280487166513
214,214,31042,Carangola,MG,Minas Gerais,31,257408,1873.0,808.0,0.31389855793137744,0.7276386126305321
215,215,31044,Leopoldina / Cataguases,MG,Minas Gerais,31,366716,2374.0,1156.0,0.31523031446678085,0.6473674451073855
216,216,31045,Muriaé,MG,Minas Gerais,31,349076,3659.0,1784.0,0.5110634933366945,1.0481958083626488
217,217,31046,Santos Dumont,MG,Minas Gerais,31,101366,180.0,47.0,0.046366631809482466,0.17757433458950733
218,218,31047,São João Nepomuceno / bicas,MG,Minas Gerais,31,146162,943.0,427.0,0.29214159631094266,0.6451745323681941
219,219,31048,Ubá,MG,Minas Gerais,31,633438,4747.0,2331.0,0.367991816089341,0.7494024671712148
220,220,31049,Brasília de Minas/São Francisco,MG,Minas Gerais,31,467810,2483.0,770.0,0.1645967379919198,0.5307710395245934
221,221,31050,Coração de Jesus,MG,Minas Gerais,31,95138,607.0,246.0,0.2585717589186235,0.6380205596081482
222,222,31051,Francisco Sá,MG,Minas Gerais,31,122731,433.0,235.0,0.1914756662945792,0.35280410002362894
223,223,31052,Janaúba/Monte Azul,MG,Minas Gerais,31,474592,2220.0,776.0,0.16350886656327962,0.4677702110444339
224,224,31053,Januária,MG,Minas Gerais,31,233748,709.0,187.0,0.08000068449783528,0.30331810325649844
225,225,31055,Pirapora,MG,Minas Gerais,31,293982,1418.0,614.0,0.20885632453687641,0.4823424563408644
226,226,31057,Patos de Minas,MG,Minas Gerais,31,527136,5329.0,2023.0,0.3837719298245614,1.010934559582347
227,227,31058,Unaí,MG,Minas Gerais,31,548648,3414.0,1468.0,0.2675668187982094,0.6222568933086423
228,228,31059,Manhuaçu,MG,Minas Gerais,31,653956,4153.0,1718.0,0.2627088060970463,0.6350580161356422
229,229,31060,Ponte Nova,MG,Minas Gerais,31,398128,3412.0,1337.0,0.335821645300004,0.8570108105935779
230,230,31061,Viçosa,MG,Minas Gerais,31,276672,2187.0,727.0,0.26276601896830903,0.7904666897987509
231,231,31062,Águas Formosas,MG,Minas Gerais,31,114046,938.0,573.0,0.5024288445013416,0.822475141609526
232,232,31064,Araçuaí,MG,Minas Gerais,31,179276,1147.0,490.0,0.2733215823646221,0.6397956223922889
233,233,31065,Itaobim,MG,Minas Gerais,31,161656,1121.0,467.0,0.28888503983768,0.6934478151135746
234,234,31066,Nanuque,MG,Minas Gerais,31,136572,727.0,318.0,0.23284421404094544,0.5323199484520985
235,235,31067,Padre Paraíso,MG,Minas Gerais,31,125820,594.0,257.0,0.20426005404546177,0.4721030042918455
236,236,31068,Pedra azul,MG,Minas Gerais,31,130160,717.0,300.0,0.23048555623847575,0.550860479409957
237,237,31070,Araxá,MG,Minas Gerais,31,378142,2922.0,774.0,0.20468501250852852,0.7727255898577783
238,238,31071,Frutal / Iturama,MG,Minas Gerais,31,363306,1884.0,761.0,0.2094652992243453,0.5185711218642136
239,239,31072,Uberaba,MG,Minas Gerais,31,838964,6076.0,2356.0,0.2808225382733943,0.7242265460734907
240,240,31073,Ituiutaba,MG,Minas Gerais,31,241221,1461.0,467.0,0.19359840146587567,0.605668660688746
241,241,31074,Patrocínio / Monte Carmelo,MG,Minas Gerais,31,390646,3365.0,1170.0,0.2995038986704075,0.8613936914751463
242,242,31075,Uberlândia / Araguari,MG,Minas Gerais,31,1139205,6757.0,1570.0,0.1378154063579426,0.5931329304207759
243,243,31076,Manga,MG,Minas Gerais,31,113820,4003.0,1947.0,1.7105956773853452,3.51695659813741
244,244,31077,João Pinheiro,MG,Minas Gerais,31,147044,867.0,377.0,0.2563858436930443,0.5896194336389108
245,245,31078,Congonhas,MG,Minas Gerais,31,250906,1788.0,766.0,0.3052936159358485,0.7126174742732339
246,246,31079,Conselheiro Lafaiete,MG,Minas Gerais,31,372464,1306.0,626.0,0.1680699342755273,0.35063791399974226
247,247,31080,Peçanha/São João Evangelista,MG,Minas Gerais,31,115694,1027.0,363.0,0.31375870831676667,0.8876864833094196
248,248,31081,Santa Maria do Suaçuí,MG,Minas Gerais,31,86778,604.0,237.0,0.2731106962594206,0.696028947429072
249,249,31082,São Gotardo,MG,Minas Gerais,31,189048,1886.0,634.0,0.33536456349710125,0.997630231475604
250,250,31083,Bocaiúva,MG,Minas Gerais,31,56440,440.0,140.0,0.24805102763997164,0.7795889440113395
251,251,31084,Montes Claros,MG,Minas Gerais,31,886694,6638.0,3174.0,0.35795888998910563,0.7486235386728679
252,252,31085,Taiobeiras,MG,Minas Gerais,31,244482,1358.0,299.0,0.12229939218429169,0.5554601156731375
253,253,31086,Divinópolis,MG,Minas Gerais,31,702104,2742.0,1039.0,0.1479837744835523,0.39054043275640077
254,254,31087,Lagoa da Prata/Sto Ant do Monte,MG,Minas Gerais,31,257644,1874.0,761.0,0.29536880346524663,0.7273602335004891
255,255,31088,Oliveira/Santo Antônio do Amparo,MG,Minas Gerais,31,211308,1715.0,698.0,0.33032350881178185,0.8116114865504382
256,256,31089,Campo Belo,MG,Minas Gerais,31,199048,1427.0,708.0,0.35569309915196334,0.7169125035167397
257,257,31090,Lima Duarte,MG,Minas Gerais,31,135364,1206.0,553.0,0.40852811678141904,0.8909311190567655
258,258,31091,Cassia,MG,Minas Gerais,31,100890,831.0,445.0,0.4410744375061949,0.823669342848647
259,259,31092,Passos,MG,Minas Gerais,31,424192,3039.0,1143.0,0.2694534550392275,0.7164208660229331
260,260,31093,Piumhi,MG,Minas Gerais,31,153918,1369.0,721.0,0.4684312426097013,0.8894346340259099
261,261,31094,Almenara/Jacinto,MG,Minas Gerais,31,342948,2091.0,832.0,0.24260237703675192,0.6097134259421253
262,262,31095,Serro,MG,Minas Gerais,31,101090,701.0,333.0,0.329409437135226,0.6934414877831635
263,263,31096,Itambacuri,MG,Minas Gerais,31,89048,589.0,260.0,0.29197736052466083,0.661441020573174
264,264,31097,Juiz de Fora,MG,Minas Gerais,31,1243728,890.0,319.0,0.02564869489148753,0.07155905471292758
265,265,31098,salinas,MG,Minas Gerais,31,89898,341.0,40.0,0.04449487196600592,0.37931878351020043
266,266,31099,Teófilo Otoni / Malacacheta,MG,Minas Gerais,31,561930,2352.0,1269.0,0.22582883989108962,0.4185574715711921
267,267,32001,Central,ES,Espírito Santo,32,1291530,9957.0,3083.0,0.23870912793353619,0.7709460871989036
268,268,32002,Metropolitana,ES,Espírito Santo,32,4497532,42141.0,11032.0,0.2452900835391499,0.9369805484430128
269,269,32003,Norte,ES,Espírito Santo,32,861098,6887.0,2449.0,0.28440433028528694,0.7997928226520093
270,270,32004,Sul,ES,Espírito Santo,32,1356142,13286.0,4511.0,0.33263478308318745,0.9796909173228172
271,271,33001,Baia da Ilha Grande,RJ,Rio de Janeiro,33,582836,3160.0,1228.0,0.21069391732837367,0.5421765299329485
272,272,33002,Baixada Litorânea,RJ,Rio de Janeiro,33,1547516,8093.0,1854.0,0.11980490024012676,0.522967129257468
273,273,33003,Centro-Sul,RJ,Rio de Janeiro,33,588646,4316.0,1799.0,0.30561661847697935,0.7332080741226475
274,274,33004,Médio Paraíba,RJ,Rio de Janeiro,33,1808828,13792.0,4062.0,0.22456529863535946,0.7624826683355189
275,275,33005,Metropolitana I,RJ,Rio de Janeiro,33,20049220,176737.0,35040.0,0.1747698912975168,0.8815155901326834
276,276,33006,Metropolitana II,RJ,Rio de Janeiro,33,4233012,16717.0,3409.0,0.08053367200470965,0.39491974036454425
277,277,33007,Noroeste,RJ,Rio de Janeiro,33,585612,2947.0,664.0,0.11338565466554648,0.5032342233424179
278,278,33008,Norte,RJ,Rio de Janeiro,33,1890850,8648.0,1009.0,0.05336224449321733,0.4573604463601026
279,279,33009,Serrana,RJ,Rio de Janeiro,33,1878026,8451.0,2488.0,0.13247952903740415,0.4499937700543017
280,280,35011,Alto do Tietê,SP,São Paulo,35,6063910,45197.0,20221.0,0.33346471171241,0.7453441756226593
281,281,35012,Franco da Rocha,SP,São Paulo,35,1217566,9439.0,3755.0,0.30840217285962324,0.7752351823227653
282,282,35013,Mananciais,SP,São Paulo,35,2315088,19840.0,6425.0,0.27752724734437745,0.8569868618385132
283,283,35014,Rota dos Bandeirantes,SP,São Paulo,35,3789012,26639.0,8133.0,0.21464698449094383,0.7030592671651608
284,284,35015,Grande ABC,SP,São Paulo,35,5579742,71278.0,22641.0,0.40577144964767187,1.2774425770940663
285,285,35016,São Paulo,SP,São Paulo,35,24504046,326446.0,105641.0,0.43111655928167947,1.3322126476582683
286,286,35021,Central do DRS II,SP,São Paulo,35,609642,9335.0,3590.0,0.5888701893898386,1.531226523107004
287,287,35022,Lagos do DRS II,SP,São Paulo,35,410854,6017.0,1668.0,0.4059836340889951,1.4645105073821845
288,288,35023,Consórcios do DRS II,SP,São Paulo,35,562016,6710.0,2226.0,0.3960741331207653,1.1939161874395037
289,289,35031,Central do DRS III,SP,São Paulo,35,644772,10013.0,3620.0,0.5614387721551184,1.552952051267735
290,290,35032,Centro Oeste do DRS III,SP,São Paulo,35,293762,4628.0,1442.0,0.49087356431396845,1.5754250039147335
291,291,35033,Norte do DRS III,SP,São Paulo,35,315336,3345.0,1271.0,0.40306213055280715,1.060773270416318
292,292,35034,Coração do DRS III,SP,São Paulo,35,798094,11947.0,3294.0,0.4127333371758214,1.4969414630356825
293,293,35041,Baixada Santista,SP,São Paulo,35,3730794,43025.0,13883.0,0.3721191789200905,1.1532397661194909
294,294,35051,Norte - Barretos,SP,São Paulo,35,585306,9612.0,3903.0,0.6668306834373815,1.642217916781991
295,295,35052,Sul - Barretos,SP,São Paulo,35,285376,3926.0,987.0,0.34585949764521196,1.375728862973761
296,296,35061,Vale do Jurumirim,SP,São Paulo,35,607736,8349.0,2980.0,0.49034449168718,1.3737873023812972
297,297,35062,Bauru,SP,São Paulo,35,1308308,21216.0,8776.0,0.670790058610052,1.6216364953818212
298,298,35063,Polo Cuesta,SP,São Paulo,35,633688,9971.0,3006.0,0.47436593402431476,1.5734872681824492
299,299,35064,Jaú,SP,São Paulo,35,711862,10265.0,3670.0,0.5155493620954623,1.4419929705476624
300,300,35065,Lins,SP,São Paulo,35,339920,5784.0,2160.0,0.6354436337961874,1.7015768416097907
301,301,35071,Bragança,SP,São Paulo,35,951320,13172.0,4232.0,0.44485556910398183,1.3846024471260985
302,302,35072,Região Metropolitana de Campinas,SP,São Paulo,35,6488284,74696.0,27766.0,0.4279405772003815,1.1512443043491931
303,303,35073,Jundiaí,SP,São Paulo,35,1630676,13761.0,5033.0,0.3086450036671908,0.8438831503008568
304,304,35074,Circuito das Águas,SP,São Paulo,35,272294,3595.0,1293.0,0.47485438533349983,1.320264126275276
305,305,35081,Três Colinas,SP,São Paulo,35,855516,8284.0,3372.0,0.3941480930806671,0.9683045086240352
306,306,35082,Alta Anhanguera,SP,São Paulo,35,329230,3656.0,1393.0,0.42310846520669443,1.1104698842754306
307,307,35083,Alta Mogiana,SP,São Paulo,35,251606,2961.0,1222.0,0.48567999173310655,1.1768399799686813
308,308,35091,Adamantina,SP,São Paulo,35,276862,4448.0,1626.0,0.5872961981059156,1.6065765616083103
309,309,35092,Assis,SP,São Paulo,35,494940,7888.0,3133.0,0.6330060209318301,1.5937285327514445
310,310,35093,Marília,SP,São Paulo,35,781046,12484.0,5001.0,0.6402951938810262,1.5983693662089045
311,311,35094,Ourinhos,SP,São Paulo,35,488484,6363.0,2569.0,0.5259128241661958,1.3026015181664086
312,312,35095,Tupã,SP,São Paulo,35,256932,8299.0,2028.0,0.7893139040680024,3.230037519655006
313,313,35101,Araras,SP,São Paulo,35,693178,7479.0,2745.0,0.3960021812579165,1.078943647951897
314,314,35102,Limeira,SP,São Paulo,35,751300,6549.0,1092.0,0.14534806335684813,0.8716890722747238
315,315,35103,Piracicaba,SP,São Paulo,35,1192464,10771.0,4626.0,0.3879362395845912,0.9032557796294061
316,316,35104,Rio Claro,SP,São Paulo,35,536150,7612.0,3211.0,0.5988995616898256,1.4197519350927912
317,317,35111,Alta Paulista,SP,São Paulo,35,271912,5150.0,1836.0,0.6752184530289211,1.8939951160669626
318,318,35112,Alta Sorocabana,SP,São Paulo,35,826952,14021.0,4187.0,0.5063171743946444,1.6955034875059254
319,319,35113,Alto Capivari,SP,São Paulo,35,119278,1740.0,570.0,0.4778752158822247,1.45877697479837
320,320,35114,Extremo Oeste Paulista,SP,São Paulo,35,198270,3032.0,1048.0,0.5285721490896252,1.5292278206486105
321,321,35115,Pontal do Paranapanema,SP,São Paulo,35,134842,1656.0,620.0,0.4597973925038193,1.2281040032037496
322,322,35121,Vale do Ribeira,SP,São Paulo,35,569018,7420.0,2763.0,0.4855733913514159,1.304000927914407
323,323,35131,Horizonte Verde,SP,São Paulo,35,854969,9000.0,3155.0,0.36901922759772576,1.0526697459206122
324,324,35132,Aquífero Guarani,SP,São Paulo,35,1869512,23764.0,8545.0,0.4570711501183196,1.2711338573916617
325,325,35133,Vale das Cachoeiras,SP,São Paulo,35,282778,3645.0,1108.0,0.3918268040653799,1.2889970223991967
326,326,35141,Baixa Mogiana,SP,São Paulo,35,662308,7927.0,3014.0,0.4550752821949908,1.1968751698605482
327,327,35142,Mantiqueira,SP,São Paulo,35,572786,9761.0,3567.0,0.6227456676664583,1.7041268466757218
328,328,35143,Rio Pardo,SP,São Paulo,35,434650,6384.0,2081.0,0.4787760266881399,1.468767974232141
329,329,35151,Catanduva,SP,São Paulo,35,641220,11075.0,4477.0,0.6982003056673217,1.7271763201397334
330,330,35152,Santa Fé do Sul,SP,São Paulo,35,95542,1786.0,464.0,0.4856502899248498,1.8693349521676332
331,331,35153,Jales,SP,São Paulo,35,207714,4300.0,1645.0,0.7919543218078704,2.0701541542698134
332,332,35154,Fernandópolis,SP,São Paulo,35,234586,5058.0,1736.0,0.7400271115923371,2.156138900019609
333,333,35155,São José do Rio Preto,SP,São Paulo,35,1465690,24814.0,8910.0,0.6079048093389461,1.692991014471
334,334,35156,José Bonifácio,SP,São Paulo,35,211202,2916.0,1120.0,0.5302980085415858,1.3806687436672
335,335,35157,Votuporanga,SP,São Paulo,35,402986,7082.0,2680.0,0.6650355099184587,1.75738114971736
336,336,35161,Itapetininga,SP,São Paulo,35,1020784,16440.0,4581.0,0.4487727080361761,1.6105268107650588
337,337,35162,Itapeva,SP,São Paulo,35,563968,5934.0,1860.0,0.32980594643667727,1.0521873581479801
338,338,35163,Sorocaba,SP,São Paulo,35,3483562,26671.0,9890.0,0.28390480778008254,0.7656243810214947
339,339,35171,Alto Vale do Paraíba,SP,São Paulo,35,2207336,54128.0,15143.0,0.6860305816604269,2.4521867083217055
340,340,35172,Circuito da Fé e Vale Histórico,SP,São Paulo,35,972704,11271.0,4016.0,0.41286969108793625,1.1587286574332993
341,341,35173,Litoral Norte,SP,São Paulo,35,672562,7061.0,2287.0,0.34004299975318264,1.049866034655541
342,342,35174,Vale do Paraíba/Região Serrana,SP,São Paulo,35,1252618,14359.0,5169.0,0.4126557338310642,1.14631914917397
343,343,41001,1ª RS Paranaguá,PR,Paraná,41,594058,3426.0,1077.0,0.18129542906584878,0.5767113648835636
344,344,41002,2ª RS Metropolitana,PR,Paraná,41,5348181,14727.0,5360.0,0.1002209910247989,0.2753646520190697
345,345,41003,3ª RS Ponta Grossa,PR,Paraná,41,1274586,8859.0,2297.0,0.18021537973898974,0.6950492159807184
346,346,41004,4ª RS Irati,PR,Paraná,41,349866,2266.0,756.0,0.21608272881617532,0.6476765390177954
347,347,41005,5ª RS Guarapuava,PR,Paraná,41,913174,5343.0,1779.0,0.19481500787363634,0.5851020725513429
348,348,41006,6ª RS União da Vitória,PR,Paraná,41,354622,2141.0,549.0,0.15481273017466485,0.6037414486410883
349,349,41007,7ª RS Pato Branco,PR,Paraná,41,534468,4735.0,2240.0,0.41910834699177496,0.8859276888419887
350,350,41008,8ª RS Francisco Beltrão,PR,Paraná,41,716288,5657.0,1689.0,0.23579900822015726,0.7897661275911365
351,351,41009,9ª RS Foz do Iguaçu,PR,Paraná,41,808828,5557.0,1635.0,0.20214433723857236,0.6870434752506096
352,352,41010,10ª RS Cascavel,PR,Paraná,41,1099162,11431.0,3682.0,0.33498246846233765,1.0399740893517062
353,353,41011,11ª RS Campo Mourão,PR,Paraná,41,657726,5105.0,1644.0,0.24995210771658716,0.7761590692780884
354,354,41012,12ª RS Umuarama,PR,Paraná,41,552742,4958.0,1416.0,0.25617738474731433,0.8969826790799323
355,355,41013,13ª RS Cianorte,PR,Paraná,41,321284,2424.0,632.0,0.19671069832297902,0.7544726783780082
356,356,41014,14ª RS Paranavaí,PR,Paraná,41,544872,5163.0,1513.0,0.2776798954616864,0.9475619962119544
357,357,41015,15ª RS Maringá,PR,Paraná,41,1252368,6436.0,2176.0,0.1737508463965863,0.5139064556104915
358,358,41016,16ª RS Apucarana,PR,Paraná,41,768396,4600.0,1212.0,0.1577311698655381,0.5986496546051775
359,359,41017,17ª RS Londrina,PR,Paraná,41,1821969,19158.0,5387.0,0.2956691359732246,1.0514997785362978
360,360,41018,18ª RS Cornélio Procópio,PR,Paraná,41,445166,3591.0,1189.0,0.2670913771491983,0.806665378757587
361,361,41019,19ª RS Jacarezinho,PR,Paraná,41,578040,4706.0,1761.0,0.3046501972181856,0.8141305099993079
362,362,41020,20ª RS Toledo,PR,Paraná,41,796646,6502.0,1857.0,0.23310228131441066,0.816171800272643
363,363,41021,21ª RS Telêmaco Borba,PR,Paraná,41,376912,1614.0,438.0,0.11620749671010741,0.4282166659591629
364,364,41022,22ª RS Ivaiporã,PR,Paraná,41,257290,2754.0,761.0,0.29577519530490887,1.070387500485833
365,365,42001,Extremo Oeste,SC,Santa Catarina,42,464826,5444.0,1289.0,0.27730806796521706,1.17119094026582
366,366,42002,Oeste,SC,Santa Catarina,42,729732,7448.0,2560.0,0.350813723394342,1.020648676500414
367,367,42003,Xanxerê,SC,Santa Catarina,42,402176,3059.0,663.0,0.16485319859961808,0.7606122692552514
368,368,42004,Alto Vale do Itajaí,SC,Santa Catarina,42,595642,4441.0,1390.0,0.23336165011869545,0.7455820778252709
369,369,42005,Foz do Rio Itajaí,SC,Santa Catarina,42,1268020,7099.0,2160.0,0.1703443163357045,0.5598492137347991
370,370,42006,Médio Vale do Itajaí,SC,Santa Catarina,42,1543074,10537.0,4442.0,0.28786694610887104,0.6828577242569054
371,371,42007,Grande Florianópolis,SC,Santa Catarina,42,2296666,10957.0,2580.0,0.11233675249252612,0.47708286707775527
372,372,42008,Meio Oeste,SC,Santa Catarina,42,384694,3294.0,1083.0,0.28152245680982807,0.8562649794382028
373,373,42009,Alto Vale do Rio do Peixe,SC,Santa Catarina,42,582962,3331.0,1038.0,0.17805620263413396,0.5713923034434492
374,374,42010,Alto Uruguai Catarinense,SC,Santa Catarina,42,278902,2722.0,641.0,0.2298298327010921,0.9759700539974615
375,375,42011,Nordeste,SC,Santa Catarina,42,1975436,15117.0,3975.0,0.20122140125015442,0.7652487855845495
376,376,42012,Planalto Norte,SC,Santa Catarina,42,758158,3537.0,1050.0,0.13849355938999525,0.4665254472022982
377,377,42013,Serra Catarinense,SC,Santa Catarina,42,576324,4213.0,1600.0,0.2776216156189921,0.7310124166267586
378,378,42014,Extremo Sul Catarinense,SC,Santa Catarina,42,374378,3273.0,592.0,0.1581289498848757,0.8742500894817538
379,379,42015,Carbonífera,SC,Santa Catarina,42,876332,5013.0,1638.0,0.1869154612635394,0.5720434721087442
380,380,42016,Laguna,SC,Santa Catarina,42,737492,5564.0,1632.0,0.22129053603293325,0.7544488618181621
381,381,43001,Região 01 - Verdes Campos,RS,Rio Grande do Sul,43,835028,4215.0,1352.0,0.16191073832254727,0.5047734926253971
382,382,43002,Região 02 - Entre Rios,RS,Rio Grande do Sul,43,228602,2877.0,1002.0,0.43831637518481903,1.2585191730606031
383,383,43003,Região 03 - Fronteira Oeste,RS,Rio Grande do Sul,43,916166,7749.0,1961.0,0.21404417976654885,0.8458074191794938
384,384,43004,Região 04 - Belas Praias,RS,Rio Grande do Sul,43,321610,4062.0,928.0,0.2885482416591524,1.263020428469264
385,385,43005,Região 05 - Bons Ventos,RS,Rio Grande do Sul,43,472516,7210.0,1256.0,0.2658111048091493,1.525874256109846
386,386,43006,Região 06 - Vale do Paranhana e Costa Serra,RS,Rio Grande do Sul,43,470000,3613.0,911.0,0.19382978723404254,0.7687234042553192
387,387,43007,Região 07 - Vale dos Sinos,RS,Rio Grande do Sul,43,1496340,12294.0,3072.0,0.20530093427964233,0.8216047155058341
388,388,43008,Região 08 - Vale do Caí e Metropolitana,RS,Rio Grande do Sul,43,1533802,12554.0,3297.0,0.21495603735032293,0.8184889575055972
389,389,43009,Região 09 - Carbonífera/Costa Doce,RS,Rio Grande do Sul,43,785081,7900.0,1966.0,0.2504200203545876,1.0062655955245383
390,390,43010,Região 10 - Capital e Vale do Gravataí,RS,Rio Grande do Sul,43,4738420,50137.0,15790.0,0.33323344068275923,1.0580953144719125
391,391,43011,Região 11 - Sete Povos das Missões,RS,Rio Grande do Sul,43,481685,5579.0,1490.0,0.3093307867174606,1.1582258114743038
392,392,43012,Região 12 - Portal das Missões,RS,Rio Grande do Sul,43,183094,2028.0,644.0,0.35173189727680865,1.107627775896534
393,393,43013,Região 13 - Diversidade,RS,Rio Grande do Sul,43,458586,5563.0,1434.0,0.3127003441012155,1.2130767184344922
394,394,43014,Região 14 - Fronteira Noroeste,RS,Rio Grande do Sul,43,447820,5322.0,1394.0,0.31128578446697336,1.1884239203251306
395,395,43015,Região 15 - Caminho das Águas,RS,Rio Grande do Sul,43,365444,5018.0,1469.0,0.40197677345913463,1.3731241996037697
396,396,43016,Região 16 - Alto Uruguai Gaúcho,RS,Rio Grande do Sul,43,465884,6531.0,2362.0,0.5069931570948992,1.401851104566802
397,397,43017,Região 17 - Planalto,RS,Rio Grande do Sul,43,832892,9897.0,3044.0,0.36547355479461924,1.1882693074252124
398,398,43018,Região 18 - Araucárias,RS,Rio Grande do Sul,43,266404,3205.0,903.0,0.33895887449137396,1.203060014113902
399,399,43019,Região 19 - Botucaraí,RS,Rio Grande do Sul,43,228152,2091.0,593.0,0.25991444300291033,0.9164942669799081
400,400,43020,Região 20 - Rota da Produção,RS,Rio Grande do Sul,43,326410,4799.0,1906.0,0.5839281884746178,1.4702368187249164
401,401,43021,Região 21 - Sul,RS,Rio Grande do Sul,43,1757902,17078.0,2952.0,0.1679274498805963,0.9714989800341544
402,402,43022,Região 22 - Pampa,RS,Rio Grande do Sul,43,376690,3517.0,1311.0,0.3480315378693355,0.9336589768775386
403,403,43023,Região 23 - Caxias e Hortênsias,RS,Rio Grande do Sul,43,1241890,11946.0,2638.0,0.2124181690809975,0.9619209430786946
404,404,43024,Região 24 - Campos de Cima da Serra,RS,Rio Grande do Sul,43,199618,2020.0,644.0,0.322616196936148,1.011932791632017
405,405,43025,Região 25 - Vinhedos e Basalto,RS,Rio Grande do Sul,43,366961,4100.0,1004.0,0.2735985567948638,1.117284943086595
406,406,43026,Região 26 - Uva Vale,RS,Rio Grande do Sul,43,378700,3353.0,1274.0,0.33641404805914976,0.8853974121996302
407,407,43027,Região 27 - Jacuí Centro,RS,Rio Grande do Sul,43,406032,4569.0,1423.0,0.35046498798124287,1.1252807660479962
408,408,43028,Região 28 - Vinte e Oito,RS,Rio Grande do Sul,43,702980,8009.0,1340.0,0.19061708725710547,1.1392927252553415
409,409,43029,Região 29 - Vales e Montanhas,RS,Rio Grande do Sul,43,449508,5540.0,1616.0,0.3595041690025539,1.2324585991795474
410,410,43030,Região 30 - Vale da Luz,RS,Rio Grande do Sul,43,260456,2903.0,868.0,0.33326166415824554,1.1145836532850077
411,411,50001,Campo Grande,MS,Mato Grosso do Sul,50,2803491,22628.0,9216.0,0.3287329975377128,0.8071365308467193
412,412,50002,Corumbá,MS,Mato Grosso do Sul,50,158097,323.0,34.0,0.02150578442348685,0.20430495202312504
413,413,50003,Dourados,MS,Mato Grosso do Sul,50,1626212,19234.0,8623.0,0.530250668424535,1.1827486207210376
414,414,50004,Três Lagoas,MS,Mato Grosso do Sul,50,431470,2633.0,1283.0,0.2973555519503094,0.6102394140959975
415,415,51001,Alto Tapajós,MT,Mato Grosso,51,215822,1239.0,491.0,0.22750229355672733,0.5740841990158557
416,416,51002,Baixada Cuiabana,MT,Mato Grosso,51,2017640,15504.0,7370.0,0.3652782458714141,0.7684225134315339
417,417,51003,Araguaia Xingu,MT,Mato Grosso,51,181520,884.0,373.0,0.20548699867783166,0.48699867783164386
418,418,51004,Centro Norte,MT,Mato Grosso,51,202356,959.0,400.0,0.19767143054814287,0.47391725473917257
419,419,51005,Garças Araguaia,MT,Mato Grosso,51,252762,3111.0,1331.0,0.5265823185447179,1.2308020984166925
420,420,51006,Médio Araguaia,MT,Mato Grosso,51,197524,1623.0,446.0,0.22579534638828702,0.8216723031125331
421,421,51007,Médio Norte Matogrossense,MT,Mato Grosso,51,497428,2278.0,917.0,0.18434828759137,0.45795572424551895
422,422,51008,Noroeste Matogrossense,MT,Mato Grosso,51,331944,1593.0,742.0,0.2235316800424168,0.47990022413419126
423,423,51009,Norte Araguaia Karajá,MT,Mato Grosso,51,49794,1490.0,588.0,1.1808651644776478,2.992328392979074
424,424,51010,Norte Matogrossense,MT,Mato Grosso,51,137526,1664.0,647.0,0.47045649549903296,1.2099530270639733
425,425,51011,Oeste Matogrossense,MT,Mato Grosso,51,396462,2257.0,698.0,0.17605722616543326,0.5692853287326402
426,426,51012,Sudoeste Matogrossense,MT,Mato Grosso,51,238622,1235.0,590.0,0.2472529775125512,0.5175549614033911
427,427,51013,Sul Matogrossense,MT,Mato Grosso,51,1062490,7426.0,2757.0,0.2594847951510132,0.6989242251691781
428,428,51014,Teles Pires,MT,Mato Grosso,51,866882,4714.0,2283.0,0.26335764267801154,0.5437879665283164
429,429,51015,Vale do Peixoto,MT,Mato Grosso,51,212406,1302.0,512.0,0.2410478046759508,0.6129770345470467
430,430,51016,Vale dos Arinos,MT,Mato Grosso,51,107754,611.0,223.0,0.20695287413924313,0.5670323143456392
431,431,52001,Central,GO,Goiás,52,3821846,40277.0,10190.0,0.2666250811780485,1.0538624528565517
432,432,52002,Centro Sul,GO,Goiás,52,1888436,13533.0,3761.0,0.19915951612869062,0.7166247625018799
433,433,52003,Entorno Norte,GO,Goiás,52,538710,3474.0,948.0,0.17597594252937573,0.6448738653449908
434,434,52004,Entorno Sul,GO,Goiás,52,1820070,7110.0,2022.0,0.11109462822858462,0.3906443158779607
435,435,52005,Estrada de Ferro,GO,Goiás,52,628368,5498.0,1465.0,0.23314363557660478,0.8749649886690601
436,436,52006,Nordeste I,GO,Goiás,52,92928,698.0,174.0,0.1872417355371901,0.7511191460055097
437,437,52007,Nordeste II,GO,Goiás,52,209886,1446.0,425.0,0.202490875999352,0.6889454275177954
438,438,52008,Norte,GO,Goiás,52,268633,2808.0,998.0,0.3715105739056631,1.0452922760792607
439,439,52009,Oeste I,GO,Goiás,52,227764,2301.0,582.0,0.2555276514286718,1.0102562301329447
440,440,52010,Oeste II,GO,Goiás,52,231916,2107.0,611.0,0.2634574587350592,0.9085186015626348
441,441,52011,Pirineus,GO,Goiás,52,1043514,6978.0,1099.0,0.10531722621833536,0.6687020969531794
442,442,52012,Rio Vermelho,GO,Goiás,52,398596,2891.0,823.0,0.20647472628927535,0.7252957882166404
443,443,52013,São Patrício I,GO,Goiás,52,332204,4068.0,1002.0,0.30162189498019293,1.2245487712369507
444,444,52014,Serra da Mesa,GO,Goiás,52,258300,2044.0,500.0,0.19357336430507163,0.7913279132791329
445,445,52015,Sudoeste I,GO,Goiás,52,883123,7967.0,1443.0,0.16339739764449573,0.902139339593692
446,446,52016,Sudoeste II,GO,Goiás,52,465446,3910.0,1013.0,0.21764071449749275,0.8400544853753176
447,447,52017,Sul,GO,Goiás,52,507308,4783.0,1430.0,0.28188004131612354,0.9428197465839293
448,448,52018,São Patrício II,GO,Goiás,52,365190,2520.0,728.0,0.19934828445466743,0.690051753881541
449,449,53001,Distrito Federal,DF,Distrito Federal,53,6030536,54302.0,17141.0,0.2842367577276713,0.900450639876787
